{
  "swagger" : "2.0",
  "info" : {
    "version" : "2.0",
    "x-WM-USE_PROXY_FOR_WEB" : false,
    "x-WM-USE_PROXY_FOR_MOBILE" : false,
    "x-WM-API_ID" : "7d6ed45f-c5fd-4f20-b99c-7cd0284e717b",
    "x-WM-SERVICE_ID" : "wavemakeronline",
    "x-WM-SERVICE_TYPE" : "WebSocketService"
  },
  "host" : "websocket-demos.wavemakeronline.com",
  "basePath" : "",
  "tags" : [ {
    "name" : "WebSocketServiceVirtualController",
    "description" : "WebSocket service swagger documentation"
  } ],
  "schemes" : [ "wss" ],
  "paths" : {
    "/HeartRate/invoke/heartrate" : {
      "get" : {
        "tags" : [ "WebSocketServiceVirtualController" ],
        "operationId" : "HeartRate_WebSocketServiceVirtualController-invoke",
        "security" : [ {
          "WM_WebSocket_Service_Authorization" : [ ]
        } ],
        "x-WM-METHOD_NAME" : "invoke",
        "x-WM-ACCESS_SPECIFIER" : "APP_ONLY",
        "x-WM-IN-PARAMS-TYPE" : [ "#/definitions/RootRequest" ],
        "x-WM-OUT-PARAMS-TYPE" : [ "#/definitions/RootResponse" ]
      },
      "x-WM-BASE_PATH" : "/HeartRate/invoke/heartrate",
      "x-WM-TAG" : "WebSocketServiceVirtualController",
      "x-WM-RELATIVE_PATH" : "",
      "x-WM-COMPLETE_PATH" : "${websocket.HeartRate.scheme}://${websocket.HeartRate.host}${websocket.HeartRate.basepath}/heartrate"
    }
  },
  "definitions" : {
    "RootRequest" : {
      "x-WM-FULLY_QUALIFIED_NAME" : "HeartRate.RootRequest",
      "x-WM-TAGS" : [ "WebSocketServiceVirtualController" ]
    },
    "RootResponse" : {
      "x-WM-FULLY_QUALIFIED_NAME" : "HeartRate.RootResponse",
      "x-WM-TAGS" : [ "WebSocketServiceVirtualController" ]
    }
  }
}