[ {
  "name" : "Actions",
  "type" : "PAGE",
  "params" : [ ]
}, {
  "name" : "AdminPage",
  "type" : "PAGE",
  "params" : [ ]
}, {
  "name" : "Common",
  "type" : "PARTIAL",
  "params" : [ ]
}, {
  "name" : "DatabaseAPI",
  "type" : "PAGE",
  "params" : [ ]
}, {
  "name" : "DeviceVariables",
  "type" : "PAGE",
  "params" : [ ]
}, {
  "name" : "JavaServices",
  "type" : "PAGE",
  "params" : [ ]
}, {
  "name" : "Login",
  "type" : "PAGE",
  "params" : [ ]
}, {
  "name" : "Main",
  "type" : "PAGE",
  "params" : [ ]
}, {
  "name" : "RecurringVariables",
  "type" : "PAGE",
  "params" : [ ]
}, {
  "name" : "SecurityInfo",
  "type" : "PAGE",
  "params" : [ ]
}, {
  "name" : "StaticVariable",
  "type" : "PAGE",
  "params" : [ ]
}, {
  "name" : "UserPage",
  "type" : "PAGE",
  "params" : [ ]
}, {
  "name" : "WebServices",
  "type" : "PAGE",
  "params" : [ ]
}, {
  "name" : "leftnav",
  "type" : "LEFTNAV",
  "params" : [ ]
} ]