<?xml version="1.0" encoding="UTF-8" standalone="no"?>
<beans xmlns="http://www.springframework.org/schema/beans" xmlns:context="http://www.springframework.org/schema/context" xmlns:security="http://www.springframework.org/schema/security" xmlns:xsi="http://www.w3.org/2001/XMLSchema-instance" xsi:schemaLocation="http://www.springframework.org/schema/beans http://www.springframework.org/schema/beans/spring-beans.xsd        http://www.springframework.org/schema/context        http://www.springframework.org/schema/context/spring-context.xsd">
    <context:component-scan base-package="com.variables_mobile.services.calculator.controller,com.variables_mobile.services.calculator.services "/>
    <bean class="com.wavemaker.runtime.data.spring.WMPropertyPlaceholderConfigurer">
        <property name="locations">
            <list>
                <value>
                        classpath:Calculator.properties
                    </value>
            </list>
        </property>
        <property name="ignoreUnresolvablePlaceholders" value="true"/>
        <property name="systemPropertiesModeName" value="SYSTEM_PROPERTIES_MODE_OVERRIDE"/>
        <property name="searchSystemEnvironment" value="true"/>
    </bean>
    <bean class="com.wavemaker.runtime.soap.SoapServiceSettings" id="CalculatorSoapServiceSettings">
        <property name="endpointAddress" value="${Calculator.endpoint}"/>
        <property name="httpBasicAuthUsername" value="${Calculator.username}"/>
        <property name="httpBasicAuthPassword" value="${Calculator.password}"/>
        <property name="connectionTimeout" value="${Calculator.connectionTimeout}"/>
        <property name="requestTimeout" value="${Calculator.requestTimeout}"/>
        <property name="httpHeaders">
            <map/>
        </property>
        <property name="requestContextProperties">
            <map>
                <entry key="javax.xml.soap.character-set-encoding" value="UTF-8"/>
            </map>
        </property>
    </bean>
</beans>
