{
  "enforceSecurity" : true,
  "loginConfig" : {
    "type" : "PAGE",
    "pageName" : "Login",
    "sessionTimeout" : {
      "type" : "PAGE",
      "pageName" : "Login",
      "timeoutValue" : 30
    }
  },
  "rememberMeConfig" : {
    "enabled" : true,
    "tokenValiditySeconds" : 1296000
  },
  "tokenAuthConfig" : {
    "enabled" : true,
    "parameter" : "WM_AUTH_TOKEN",
    "tokenValiditySeconds" : 1800
  },
  "csrfConfig" : {
    "enforceCsrfSecurity" : true,
    "headerName" : "X-WM-XSRF-TOKEN"
  },
  "authProviders" : {
    "DATABASE" : {
      "modelName" : "hrdb",
      "entityName" : "User",
      "tableName" : "USER",
      "unamePropertyName" : "username",
      "unameColumnName" : "USERNAME",
      "uidPropertyName" : "userId",
      "uidColumnName" : "USER_ID",
      "pwPropertyName" : "password",
      "pwColumnName" : "PASSWORD",
      "rolePropertyName" : "role",
      "roleColumnName" : "ROLE",
      "useRolesQuery" : false,
      "rolesByUsernameQuery" : "",
      "tenantIdField" : null,
      "defTenantId" : 0,
      "tenantIdPropertyName" : null,
      "queryType" : "HQL",
      "enabled" : true,
      "type" : "DATABASE"
    }
  }
}