{
  "Query_Products" : {
    "name" : "Query_Products",
    "description" : "Query_Products",
    "version" : "V2",
    "queryString" : "select * from products",
    "countQueryString" : "select count(*) from (select * from products) wmTempTable",
    "nativeSql" : true,
    "fetchCount" : true,
    "type" : "SELECT",
    "parameters" : [ ],
    "request" : {
      "wrapped" : false,
      "typeRef" : null,
      "method" : "GET"
    },
    "identifiers" : [ ],
    "response" : {
      "typeRef" : "com.variables_mobile.classicmodels.models.query.QueryProductsResponse",
      "returns" : "CUSTOM",
      "responseType" : "PAGINATED",
      "properties" : [ {
        "name" : "productCode",
        "fieldName" : "productCode",
        "optional" : false,
        "fieldType" : {
          "type" : "PRIMITIVE",
          "typeRef" : "java.lang.String",
          "list" : false
        }
      }, {
        "name" : "productName",
        "fieldName" : "productName",
        "optional" : false,
        "fieldType" : {
          "type" : "PRIMITIVE",
          "typeRef" : "java.lang.String",
          "list" : false
        }
      }, {
        "name" : "productLine",
        "fieldName" : "productLine",
        "optional" : false,
        "fieldType" : {
          "type" : "PRIMITIVE",
          "typeRef" : "java.lang.String",
          "list" : false
        }
      }, {
        "name" : "productScale",
        "fieldName" : "productScale",
        "optional" : false,
        "fieldType" : {
          "type" : "PRIMITIVE",
          "typeRef" : "java.lang.String",
          "list" : false
        }
      }, {
        "name" : "productVendor",
        "fieldName" : "productVendor",
        "optional" : false,
        "fieldType" : {
          "type" : "PRIMITIVE",
          "typeRef" : "java.lang.String",
          "list" : false
        }
      }, {
        "name" : "productDescription",
        "fieldName" : "productDescription",
        "optional" : false,
        "fieldType" : {
          "type" : "PRIMITIVE",
          "typeRef" : "java.lang.String",
          "list" : false
        }
      }, {
        "name" : "quantityInStock",
        "fieldName" : "quantityInStock",
        "optional" : false,
        "fieldType" : {
          "type" : "PRIMITIVE",
          "typeRef" : "java.lang.Short",
          "list" : false
        }
      }, {
        "name" : "buyPrice",
        "fieldName" : "buyPrice",
        "optional" : false,
        "fieldType" : {
          "type" : "PRIMITIVE",
          "typeRef" : "java.math.BigDecimal",
          "list" : false
        }
      }, {
        "name" : "MSRP",
        "fieldName" : "msrp",
        "optional" : false,
        "fieldType" : {
          "type" : "PRIMITIVE",
          "typeRef" : "java.math.BigDecimal",
          "list" : false
        }
      } ]
    }
  }
}