{
  "AllEmployees" : {
    "name" : "AllEmployees",
    "description" : "AllEmployees",
    "version" : "V2",
    "procedureString" : "CALL allmyemps()",
    "parameters" : [ ],
    "request" : {
      "wrapped" : false,
      "typeRef" : null,
      "method" : "GET"
    },
    "response" : {
      "typeRef" : "com.variables_mobile.classicmodels.models.procedure.AllEmployeesResponse",
      "returns" : "CUSTOM",
      "responseType" : "SINGLE",
      "properties" : [ {
        "name" : "content",
        "fieldName" : "content",
        "optional" : false,
        "fieldType" : {
          "type" : "CUSTOM",
          "typeRef" : "com.variables_mobile.classicmodels.models.procedure.AllEmployeesResponseContent",
          "list" : true,
          "properties" : [ {
            "name" : "employeeNumber",
            "fieldName" : "employeeNumber",
            "optional" : false,
            "fieldType" : {
              "type" : "PRIMITIVE",
              "typeRef" : "java.lang.Integer",
              "list" : false
            }
          }, {
            "name" : "lastName",
            "fieldName" : "lastName",
            "optional" : false,
            "fieldType" : {
              "type" : "PRIMITIVE",
              "typeRef" : "java.lang.String",
              "list" : false
            }
          }, {
            "name" : "firstName",
            "fieldName" : "firstName",
            "optional" : false,
            "fieldType" : {
              "type" : "PRIMITIVE",
              "typeRef" : "java.lang.String",
              "list" : false
            }
          }, {
            "name" : "email",
            "fieldName" : "email",
            "optional" : false,
            "fieldType" : {
              "type" : "PRIMITIVE",
              "typeRef" : "java.lang.String",
              "list" : false
            }
          }, {
            "name" : "extension",
            "fieldName" : "extension",
            "optional" : false,
            "fieldType" : {
              "type" : "PRIMITIVE",
              "typeRef" : "java.lang.String",
              "list" : false
            }
          }, {
            "name" : "jobTitle",
            "fieldName" : "jobTitle",
            "optional" : false,
            "fieldType" : {
              "type" : "PRIMITIVE",
              "typeRef" : "java.lang.String",
              "list" : false
            }
          } ]
        }
      } ]
    }
  },
  "Procedure_BuildEmailList" : {
    "name" : "Procedure_BuildEmailList",
    "description" : "Procedure_BuildEmailList",
    "version" : "V2",
    "procedureString" : "CALL build_email_list(:email_list)",
    "parameters" : [ {
      "name" : "email_list",
      "type" : "string",
      "list" : false,
      "variableType" : "PROMPT",
      "variableName" : "",
      "testValue" : "\"\"",
      "required" : true,
      "parameterType" : "IN_OUT"
    } ],
    "request" : {
      "wrapped" : false,
      "typeRef" : null,
      "method" : "GET"
    },
    "response" : {
      "typeRef" : "com.variables_mobile.classicmodels.models.procedure.ProcedureBuildEmailListResponse",
      "returns" : "CUSTOM",
      "responseType" : "SINGLE",
      "properties" : [ {
        "name" : "email_list",
        "fieldName" : "emailList",
        "optional" : false,
        "fieldType" : {
          "type" : "PRIMITIVE",
          "typeRef" : "java.lang.String",
          "list" : false
        }
      } ]
    }
  }
}