{
  "username" : "{WM_CLOUD_MYSQL_USER_NAME}",
  "password" : "{WM_CLOUD_MYSQL_PASSWORD}",
  "url" : "jdbc:mysql://{WM_CLOUD_MYSQL_HOST}/classicmodels?useUnicode=yes&characterEncoding=UTF-8&zeroDateTimeBehavior=convertToNull&createDatabaseIfNotExist=true",
  "driverClass" : "com.mysql.jdbc.Driver",
  "dialect" : "com.wavemaker.runtime.data.dialect.MySQLDialect",
  "serviceId" : "classicmodels",
  "packageName" : "com.variables_mobile.classicmodels",
  "dbType" : "MySQL",
  "host" : "{WM_CLOUD_MYSQL_HOST}",
  "dbName" : "classicmodels",
  "port" : "",
  "schemaName" : null,
  "tableFilter" : [ {
    "table" : "article_tags",
    "schema" : null
  }, {
    "table" : "customers",
    "schema" : null
  }, {
    "table" : "employees",
    "schema" : null
  }, {
    "table" : "identityTest",
    "schema" : null
  }, {
    "table" : "mytable",
    "schema" : null
  }, {
    "table" : "offices",
    "schema" : null
  }, {
    "table" : "orderdetails",
    "schema" : null
  }, {
    "table" : "orders",
    "schema" : null
  }, {
    "table" : "payments",
    "schema" : null
  }, {
    "table" : "productlines",
    "schema" : null
  }, {
    "table" : "products",
    "schema" : null
  } ],
  "schemaFilter" : [ ],
  "impersonateUser" : false,
  "activeDirectoryDomain" : null,
  "hbm2ddl" : "none",
  "maxPageSize" : 100,
  "minPoolSize" : 2,
  "maxPoolSize" : 4,
  "transactionTimeout" : 30,
  "dataSourceType" : "WM_MANAGED_DATASOURCE",
  "jndiName" : "",
  "reloadInfo" : {
    "reload" : false,
    "reason" : null,
    "message" : null,
    "reImport" : false
  },
  "readOnly" : true
}
