{
  "AddVariable" : {
    "_id" : "wm-AddVariable-wm.ServiceVariable-1549883587780",
    "name" : "AddVariable",
    "owner" : "Page",
    "category" : "wm.ServiceVariable",
    "dataBinding" : [ {
      "target" : "Add.intB",
      "value" : "bind:2",
      "type" : "java.lang.Integer"
    }, {
      "target" : "Add.intA",
      "value" : "bind:1",
      "type" : "java.lang.Integer"
    } ],
    "type" : "com.variables_mobile.services.calculator.AddResponse",
    "service" : "Calculator",
    "operation" : "add",
    "operationId" : "CalculatorController_add",
    "operationType" : "post",
    "serviceType" : "SoapService",
    "dataSet" : [ ],
    "isList" : false,
    "maxResults" : 20,
    "onSuccess" : "No Event",
    "startUpdate" : false,
    "autoUpdate" : true,
    "inFlightBehavior" : "executeLast",
    "transformationRequired" : false,
    "saveInPhonegap" : false,
    "controller" : "Calculator"
  },
  "EmployeeVariable" : {
    "_id" : "wm-EmployeeVariable-wm.LiveVariable-1549883284187",
    "name" : "EmployeeVariable",
    "owner" : "Page",
    "category" : "wm.LiveVariable",
    "dataBinding" : [ ],
    "operation" : "read",
    "dataSet" : [ ],
    "type" : "Employee",
    "isList" : false,
    "saveInPhonegap" : false,
    "maxResults" : 20,
    "designMaxResults" : 10,
    "onSuccess" : "Variables.Products_SV.invoke()",
    "inFlightBehavior" : "executeLast",
    "startUpdate" : false,
    "autoUpdate" : true,
    "transformationRequired" : false,
    "liveSource" : "hrdb",
    "ignoreCase" : true,
    "matchMode" : "startignorecase",
    "orderBy" : "empId asc",
    "propertiesMap" : {
      "columns" : [ {
        "fieldName" : "department",
        "type" : "integer",
        "fullyQualifiedType" : "integer",
        "columnName" : "DEPT_ID",
        "isPrimaryKey" : false,
        "notNull" : false,
        "length" : 255,
        "precision" : 10,
        "generator" : "assigned",
        "isRelated" : true,
        "relatedTableName" : "DEPARTMENT",
        "relatedEntityName" : "Department",
        "relatedColumnName" : "deptId",
        "relatedFieldName" : "department.deptId",
        "isList" : false,
        "targetTable" : "DEPARTMENT",
        "scale" : 0,
        "columns" : [ {
          "fieldName" : "deptId",
          "type" : "integer",
          "fullyQualifiedType" : "integer",
          "columnName" : "DEPT_ID",
          "isPrimaryKey" : true,
          "notNull" : true,
          "length" : 255,
          "precision" : 10,
          "generator" : "identity",
          "isRelated" : false,
          "scale" : 0
        }, {
          "fieldName" : "name",
          "type" : "string",
          "fullyQualifiedType" : "string",
          "columnName" : "NAME",
          "isPrimaryKey" : false,
          "notNull" : false,
          "length" : 255,
          "precision" : 19,
          "generator" : "assigned",
          "isRelated" : false,
          "scale" : 2
        }, {
          "fieldName" : "budget",
          "type" : "integer",
          "fullyQualifiedType" : "integer",
          "columnName" : "BUDGET",
          "isPrimaryKey" : false,
          "notNull" : false,
          "length" : 255,
          "precision" : 10,
          "generator" : "assigned",
          "isRelated" : false,
          "scale" : 0
        }, {
          "fieldName" : "q1",
          "type" : "integer",
          "fullyQualifiedType" : "integer",
          "columnName" : "Q1",
          "isPrimaryKey" : false,
          "notNull" : false,
          "length" : 255,
          "precision" : 10,
          "generator" : "assigned",
          "isRelated" : false,
          "scale" : 0
        }, {
          "fieldName" : "q2",
          "type" : "integer",
          "fullyQualifiedType" : "integer",
          "columnName" : "Q2",
          "isPrimaryKey" : false,
          "notNull" : false,
          "length" : 255,
          "precision" : 10,
          "generator" : "assigned",
          "isRelated" : false,
          "scale" : 0
        }, {
          "fieldName" : "q3",
          "type" : "integer",
          "fullyQualifiedType" : "integer",
          "columnName" : "Q3",
          "isPrimaryKey" : false,
          "notNull" : false,
          "length" : 255,
          "precision" : 10,
          "generator" : "assigned",
          "isRelated" : false,
          "scale" : 0
        }, {
          "fieldName" : "q4",
          "type" : "integer",
          "fullyQualifiedType" : "integer",
          "columnName" : "Q4",
          "isPrimaryKey" : false,
          "notNull" : false,
          "length" : 255,
          "precision" : 10,
          "generator" : "assigned",
          "isRelated" : false,
          "scale" : 0
        }, {
          "fieldName" : "deptCode",
          "type" : "string",
          "fullyQualifiedType" : "string",
          "columnName" : "DEPT_CODE",
          "isPrimaryKey" : false,
          "notNull" : false,
          "length" : 20,
          "precision" : 19,
          "generator" : "assigned",
          "isRelated" : false,
          "scale" : 2
        }, {
          "fieldName" : "location",
          "type" : "string",
          "fullyQualifiedType" : "string",
          "columnName" : "LOCATION",
          "isPrimaryKey" : false,
          "notNull" : false,
          "length" : 255,
          "precision" : 19,
          "generator" : "assigned",
          "isRelated" : false,
          "scale" : 2
        }, {
          "fieldName" : "tenantId",
          "type" : "integer",
          "fullyQualifiedType" : "integer",
          "columnName" : "TENANT_ID",
          "isPrimaryKey" : false,
          "notNull" : false,
          "length" : 255,
          "precision" : 10,
          "generator" : "assigned",
          "isRelated" : false,
          "scale" : 0
        } ]
      }, {
        "fieldName" : "employeeByManagerId",
        "type" : "integer",
        "fullyQualifiedType" : "integer",
        "columnName" : "MANAGER_ID",
        "isPrimaryKey" : false,
        "notNull" : false,
        "length" : 255,
        "precision" : 10,
        "generator" : "assigned",
        "isRelated" : true,
        "relatedTableName" : "EMPLOYEE",
        "relatedEntityName" : "Employee",
        "relatedColumnName" : "managerId",
        "relatedFieldName" : "employeeByManagerId.empId",
        "isList" : false,
        "targetTable" : "EMPLOYEE",
        "scale" : 0,
        "columns" : [ {
          "fieldName" : "department",
          "type" : "integer",
          "fullyQualifiedType" : "integer",
          "columnName" : "DEPT_ID",
          "isPrimaryKey" : false,
          "notNull" : false,
          "length" : 255,
          "precision" : 10,
          "generator" : "assigned",
          "isRelated" : true,
          "relatedTableName" : "DEPARTMENT",
          "relatedEntityName" : "Department",
          "relatedColumnName" : "deptId",
          "relatedFieldName" : "department.deptId",
          "isList" : false,
          "targetTable" : "DEPARTMENT",
          "scale" : 0,
          "columns" : [ {
            "fieldName" : "deptId",
            "type" : "integer",
            "fullyQualifiedType" : "integer",
            "columnName" : "DEPT_ID",
            "isPrimaryKey" : true,
            "notNull" : true,
            "length" : 255,
            "precision" : 10,
            "generator" : "identity",
            "isRelated" : false,
            "scale" : 0
          }, {
            "fieldName" : "name",
            "type" : "string",
            "fullyQualifiedType" : "string",
            "columnName" : "NAME",
            "isPrimaryKey" : false,
            "notNull" : false,
            "length" : 255,
            "precision" : 19,
            "generator" : "assigned",
            "isRelated" : false,
            "scale" : 2
          }, {
            "fieldName" : "budget",
            "type" : "integer",
            "fullyQualifiedType" : "integer",
            "columnName" : "BUDGET",
            "isPrimaryKey" : false,
            "notNull" : false,
            "length" : 255,
            "precision" : 10,
            "generator" : "assigned",
            "isRelated" : false,
            "scale" : 0
          }, {
            "fieldName" : "q1",
            "type" : "integer",
            "fullyQualifiedType" : "integer",
            "columnName" : "Q1",
            "isPrimaryKey" : false,
            "notNull" : false,
            "length" : 255,
            "precision" : 10,
            "generator" : "assigned",
            "isRelated" : false,
            "scale" : 0
          }, {
            "fieldName" : "q2",
            "type" : "integer",
            "fullyQualifiedType" : "integer",
            "columnName" : "Q2",
            "isPrimaryKey" : false,
            "notNull" : false,
            "length" : 255,
            "precision" : 10,
            "generator" : "assigned",
            "isRelated" : false,
            "scale" : 0
          }, {
            "fieldName" : "q3",
            "type" : "integer",
            "fullyQualifiedType" : "integer",
            "columnName" : "Q3",
            "isPrimaryKey" : false,
            "notNull" : false,
            "length" : 255,
            "precision" : 10,
            "generator" : "assigned",
            "isRelated" : false,
            "scale" : 0
          }, {
            "fieldName" : "q4",
            "type" : "integer",
            "fullyQualifiedType" : "integer",
            "columnName" : "Q4",
            "isPrimaryKey" : false,
            "notNull" : false,
            "length" : 255,
            "precision" : 10,
            "generator" : "assigned",
            "isRelated" : false,
            "scale" : 0
          }, {
            "fieldName" : "deptCode",
            "type" : "string",
            "fullyQualifiedType" : "string",
            "columnName" : "DEPT_CODE",
            "isPrimaryKey" : false,
            "notNull" : false,
            "length" : 20,
            "precision" : 19,
            "generator" : "assigned",
            "isRelated" : false,
            "scale" : 2
          }, {
            "fieldName" : "location",
            "type" : "string",
            "fullyQualifiedType" : "string",
            "columnName" : "LOCATION",
            "isPrimaryKey" : false,
            "notNull" : false,
            "length" : 255,
            "precision" : 19,
            "generator" : "assigned",
            "isRelated" : false,
            "scale" : 2
          }, {
            "fieldName" : "tenantId",
            "type" : "integer",
            "fullyQualifiedType" : "integer",
            "columnName" : "TENANT_ID",
            "isPrimaryKey" : false,
            "notNull" : false,
            "length" : 255,
            "precision" : 10,
            "generator" : "assigned",
            "isRelated" : false,
            "scale" : 0
          } ]
        }, {
          "fieldName" : "employeeByManagerId",
          "type" : "integer",
          "fullyQualifiedType" : "integer",
          "columnName" : "MANAGER_ID",
          "isPrimaryKey" : false,
          "notNull" : false,
          "length" : 255,
          "precision" : 10,
          "generator" : "assigned",
          "isRelated" : true,
          "relatedTableName" : "EMPLOYEE",
          "relatedEntityName" : "Employee",
          "relatedColumnName" : "managerId",
          "targetTable" : "EMPLOYEE",
          "scale" : 0
        }, {
          "fieldName" : "empId",
          "type" : "integer",
          "fullyQualifiedType" : "integer",
          "columnName" : "EMP_ID",
          "isPrimaryKey" : true,
          "notNull" : true,
          "length" : 255,
          "precision" : 10,
          "generator" : "identity",
          "isRelated" : false,
          "scale" : 0
        }, {
          "fieldName" : "firstname",
          "type" : "string",
          "fullyQualifiedType" : "string",
          "columnName" : "FIRSTNAME",
          "isPrimaryKey" : false,
          "notNull" : false,
          "length" : 255,
          "precision" : 19,
          "generator" : "assigned",
          "isRelated" : false,
          "scale" : 2
        }, {
          "fieldName" : "lastname",
          "type" : "string",
          "fullyQualifiedType" : "string",
          "columnName" : "LASTNAME",
          "isPrimaryKey" : false,
          "notNull" : false,
          "length" : 255,
          "precision" : 19,
          "generator" : "assigned",
          "isRelated" : false,
          "scale" : 2
        }, {
          "fieldName" : "street",
          "type" : "string",
          "fullyQualifiedType" : "string",
          "columnName" : "STREET",
          "isPrimaryKey" : false,
          "notNull" : false,
          "length" : 255,
          "precision" : 19,
          "generator" : "assigned",
          "isRelated" : false,
          "scale" : 2
        }, {
          "fieldName" : "city",
          "type" : "string",
          "fullyQualifiedType" : "string",
          "columnName" : "CITY",
          "isPrimaryKey" : false,
          "notNull" : false,
          "length" : 255,
          "precision" : 19,
          "generator" : "assigned",
          "isRelated" : false,
          "scale" : 2
        }, {
          "fieldName" : "state",
          "type" : "string",
          "fullyQualifiedType" : "string",
          "columnName" : "STATE",
          "isPrimaryKey" : false,
          "notNull" : false,
          "length" : 2,
          "precision" : 19,
          "generator" : "assigned",
          "isRelated" : false,
          "scale" : 2
        }, {
          "fieldName" : "zip",
          "type" : "string",
          "fullyQualifiedType" : "string",
          "columnName" : "ZIP",
          "isPrimaryKey" : false,
          "notNull" : false,
          "length" : 255,
          "precision" : 19,
          "generator" : "assigned",
          "isRelated" : false,
          "scale" : 2
        }, {
          "fieldName" : "birthdate",
          "type" : "date",
          "fullyQualifiedType" : "date",
          "columnName" : "BIRTHDATE",
          "isPrimaryKey" : false,
          "notNull" : false,
          "length" : 10,
          "precision" : 19,
          "generator" : "assigned",
          "isRelated" : false,
          "scale" : 2
        }, {
          "fieldName" : "picurl",
          "type" : "string",
          "fullyQualifiedType" : "string",
          "columnName" : "PICURL",
          "isPrimaryKey" : false,
          "notNull" : false,
          "length" : 255,
          "precision" : 19,
          "generator" : "assigned",
          "isRelated" : false,
          "scale" : 2
        }, {
          "fieldName" : "jobTitle",
          "type" : "string",
          "fullyQualifiedType" : "string",
          "columnName" : "JOB_TITLE",
          "isPrimaryKey" : false,
          "notNull" : false,
          "length" : 40,
          "precision" : 19,
          "generator" : "assigned",
          "isRelated" : false,
          "scale" : 2
        }, {
          "fieldName" : "username",
          "type" : "string",
          "fullyQualifiedType" : "string",
          "columnName" : "USERNAME",
          "isPrimaryKey" : false,
          "notNull" : false,
          "length" : 255,
          "precision" : 19,
          "generator" : "assigned",
          "isRelated" : false,
          "scale" : 2
        }, {
          "fieldName" : "password",
          "type" : "string",
          "fullyQualifiedType" : "string",
          "columnName" : "PASSWORD",
          "isPrimaryKey" : false,
          "notNull" : false,
          "length" : 255,
          "precision" : 19,
          "generator" : "assigned",
          "isRelated" : false,
          "scale" : 2
        }, {
          "fieldName" : "role",
          "type" : "string",
          "fullyQualifiedType" : "string",
          "columnName" : "ROLE",
          "isPrimaryKey" : false,
          "notNull" : false,
          "length" : 255,
          "precision" : 19,
          "generator" : "assigned",
          "isRelated" : false,
          "scale" : 2
        }, {
          "fieldName" : "tenantId",
          "type" : "integer",
          "fullyQualifiedType" : "integer",
          "columnName" : "TENANT_ID",
          "isPrimaryKey" : false,
          "notNull" : false,
          "length" : 255,
          "precision" : 10,
          "generator" : "assigned",
          "isRelated" : false,
          "scale" : 0
        } ]
      }, {
        "fieldName" : "empId",
        "type" : "integer",
        "fullyQualifiedType" : "integer",
        "columnName" : "EMP_ID",
        "isPrimaryKey" : true,
        "notNull" : true,
        "length" : 255,
        "precision" : 10,
        "generator" : "identity",
        "isRelated" : false,
        "scale" : 0
      }, {
        "fieldName" : "firstname",
        "type" : "string",
        "fullyQualifiedType" : "string",
        "columnName" : "FIRSTNAME",
        "isPrimaryKey" : false,
        "notNull" : false,
        "length" : 255,
        "precision" : 19,
        "generator" : "assigned",
        "isRelated" : false,
        "scale" : 2
      }, {
        "fieldName" : "lastname",
        "type" : "string",
        "fullyQualifiedType" : "string",
        "columnName" : "LASTNAME",
        "isPrimaryKey" : false,
        "notNull" : false,
        "length" : 255,
        "precision" : 19,
        "generator" : "assigned",
        "isRelated" : false,
        "scale" : 2
      }, {
        "fieldName" : "street",
        "type" : "string",
        "fullyQualifiedType" : "string",
        "columnName" : "STREET",
        "isPrimaryKey" : false,
        "notNull" : false,
        "length" : 255,
        "precision" : 19,
        "generator" : "assigned",
        "isRelated" : false,
        "scale" : 2
      }, {
        "fieldName" : "city",
        "type" : "string",
        "fullyQualifiedType" : "string",
        "columnName" : "CITY",
        "isPrimaryKey" : false,
        "notNull" : false,
        "length" : 255,
        "precision" : 19,
        "generator" : "assigned",
        "isRelated" : false,
        "scale" : 2
      }, {
        "fieldName" : "state",
        "type" : "string",
        "fullyQualifiedType" : "string",
        "columnName" : "STATE",
        "isPrimaryKey" : false,
        "notNull" : false,
        "length" : 2,
        "precision" : 19,
        "generator" : "assigned",
        "isRelated" : false,
        "scale" : 2
      }, {
        "fieldName" : "zip",
        "type" : "string",
        "fullyQualifiedType" : "string",
        "columnName" : "ZIP",
        "isPrimaryKey" : false,
        "notNull" : false,
        "length" : 255,
        "precision" : 19,
        "generator" : "assigned",
        "isRelated" : false,
        "scale" : 2
      }, {
        "fieldName" : "birthdate",
        "type" : "date",
        "fullyQualifiedType" : "date",
        "columnName" : "BIRTHDATE",
        "isPrimaryKey" : false,
        "notNull" : false,
        "length" : 10,
        "precision" : 19,
        "generator" : "assigned",
        "isRelated" : false,
        "scale" : 2
      }, {
        "fieldName" : "picurl",
        "type" : "string",
        "fullyQualifiedType" : "string",
        "columnName" : "PICURL",
        "isPrimaryKey" : false,
        "notNull" : false,
        "length" : 255,
        "precision" : 19,
        "generator" : "assigned",
        "isRelated" : false,
        "scale" : 2
      }, {
        "fieldName" : "jobTitle",
        "type" : "string",
        "fullyQualifiedType" : "string",
        "columnName" : "JOB_TITLE",
        "isPrimaryKey" : false,
        "notNull" : false,
        "length" : 40,
        "precision" : 19,
        "generator" : "assigned",
        "isRelated" : false,
        "scale" : 2
      }, {
        "fieldName" : "username",
        "type" : "string",
        "fullyQualifiedType" : "string",
        "columnName" : "USERNAME",
        "isPrimaryKey" : false,
        "notNull" : false,
        "length" : 255,
        "precision" : 19,
        "generator" : "assigned",
        "isRelated" : false,
        "scale" : 2
      }, {
        "fieldName" : "password",
        "type" : "string",
        "fullyQualifiedType" : "string",
        "columnName" : "PASSWORD",
        "isPrimaryKey" : false,
        "notNull" : false,
        "length" : 255,
        "precision" : 19,
        "generator" : "assigned",
        "isRelated" : false,
        "scale" : 2
      }, {
        "fieldName" : "role",
        "type" : "string",
        "fullyQualifiedType" : "string",
        "columnName" : "ROLE",
        "isPrimaryKey" : false,
        "notNull" : false,
        "length" : 255,
        "precision" : 19,
        "generator" : "assigned",
        "isRelated" : false,
        "scale" : 2
      }, {
        "fieldName" : "tenantId",
        "type" : "integer",
        "fullyQualifiedType" : "integer",
        "columnName" : "TENANT_ID",
        "isPrimaryKey" : false,
        "notNull" : false,
        "length" : 255,
        "precision" : 10,
        "generator" : "assigned",
        "isRelated" : false,
        "scale" : 0
      } ],
      "entityName" : "Employee",
      "fullyQualifiedName" : "com.variables_mobile.hrdb.Employee",
      "tableType" : "TABLE",
      "primaryFields" : [ "empId" ]
    },
    "tableName" : "EMPLOYEE",
    "tableType" : "TABLE",
    "properties" : [ "department", "employeeByManagerId" ],
    "relatedTables" : [ {
      "columnName" : "department",
      "relationName" : "department",
      "type" : "Department",
      "watchOn" : "HrdbDepartmentData",
      "package" : "com.variables_mobile.hrdb.Employee"
    }, {
      "columnName" : "employeeByManagerId",
      "relationName" : "employeeByManagerId",
      "type" : "Employee",
      "watchOn" : "HrdbEmployeeData",
      "package" : "com.variables_mobile.hrdb.Employee"
    } ],
    "filterFields" : { },
    "filterExpressions" : {
      "condition" : "AND",
      "rules" : [ {
        "target" : "",
        "type" : "string",
        "matchMode" : "anywhereignorecase",
        "value" : "",
        "required" : false,
        "secondvalue" : ""
      } ]
    },
    "package" : "com.variables_mobile.hrdb.Employee"
  },
  "fda" : {
    "_id" : "wm-serviceVariable1-wm.ServiceVariable-1549883473204",
    "name" : "fda",
    "owner" : "Page",
    "category" : "wm.ServiceVariable",
    "dataBinding" : [ {
      "target" : "search",
      "value" : "patient.drug.openfda.pharm_class_epc:\"nonsteroidal+anti-inflammatory+drug\"",
      "type" : "string"
    }, {
      "target" : "count",
      "value" : "patient.reaction.reactionmeddrapt.exact",
      "type" : "string"
    } ],
    "type" : "fda.RootResponse",
    "service" : "fda",
    "operation" : "invoke",
    "operationId" : "fda_RestServiceVirtualController-invoke",
    "operationType" : "get",
    "serviceType" : "RestService",
    "dataSet" : [ ],
    "isList" : false,
    "maxResults" : 20,
    "onSuccess" : "Variables.Javaservice.invoke()",
    "startUpdate" : false,
    "autoUpdate" : true,
    "inFlightBehavior" : "executeLast",
    "transformationRequired" : false,
    "saveInPhonegap" : false,
    "controller" : "RestServiceVirtual"
  },
  "Javaservice" : {
    "_id" : "wm-Javaservice-wm.ServiceVariable-1549883498656",
    "name" : "Javaservice",
    "owner" : "Page",
    "category" : "wm.ServiceVariable",
    "dataBinding" : [ ],
    "type" : "string",
    "service" : "MyJavaService",
    "operation" : "sampleJavaOperation",
    "operationId" : "MyJavaController_sampleJavaOperation",
    "operationType" : "get",
    "serviceType" : "JavaService",
    "dataSet" : [ ],
    "isList" : false,
    "maxResults" : 20,
    "onSuccess" : "Variables.Procedures_AllEmployees.invoke()",
    "startUpdate" : false,
    "autoUpdate" : true,
    "inFlightBehavior" : "executeLast",
    "transformationRequired" : false,
    "saveInPhonegap" : false,
    "controller" : "MyJava"
  },
  "Procedures_AllEmployees" : {
    "_id" : "wm-Procedures_AllEmployees-wm.ServiceVariable-1549883538824",
    "name" : "Procedures_AllEmployees",
    "owner" : "Page",
    "category" : "wm.ServiceVariable",
    "dataBinding" : [ ],
    "type" : "com.variables_mobile.classicmodels.models.procedure.AllEmployeesResponse",
    "service" : "classicmodels",
    "operation" : "executeAllEmployees",
    "operationId" : "ProcedureExecutionController_executeAllEmployees",
    "operationType" : "get",
    "serviceType" : "DataService",
    "dataSet" : [ ],
    "isList" : false,
    "maxResults" : 20,
    "onSuccess" : "Variables.AddVariable.invoke()",
    "startUpdate" : false,
    "autoUpdate" : true,
    "inFlightBehavior" : "executeLast",
    "transformationRequired" : false,
    "saveInPhonegap" : false,
    "controller" : "ProcedureExecution"
  },
  "Products_SV" : {
    "_id" : "wm-Products_SV-wm.ServiceVariable-1549883321564",
    "name" : "Products_SV",
    "owner" : "Page",
    "category" : "wm.ServiceVariable",
    "dataBinding" : [ ],
    "type" : "com.variables_mobile.classicmodels.models.query.QueryProductsResponse",
    "service" : "classicmodels",
    "operation" : "executeQuery_Products",
    "operationId" : "QueryExecutionController_executeQuery_Products",
    "operationType" : "get",
    "serviceType" : "DataService",
    "dataSet" : [ ],
    "isList" : true,
    "maxResults" : 20,
    "onSuccess" : "Variables.fda.invoke()",
    "startUpdate" : false,
    "autoUpdate" : true,
    "inFlightBehavior" : "executeLast",
    "transformationRequired" : false,
    "saveInPhonegap" : false,
    "controller" : "QueryExecution"
  }
}