{
  "swagger" : "2.0",
  "info" : {
    "version" : "2.0",
    "x-WM-USE_PROXY_FOR_WEB" : false,
    "x-WM-USE_PROXY_FOR_MOBILE" : false,
    "x-WM-API_ID" : "babf3540-eabd-417c-8f08-ab15ed03d547",
    "x-WM-SERVICE_ID" : "fda",
    "x-WM-SERVICE_TYPE" : "RestService",
    "x-WM-USE_WITH_CREDENTIALS" : false
  },
  "host" : "api.fda.gov",
  "basePath" : "",
  "tags" : [ {
    "name" : "RestServiceVirtualController",
    "description" : "Rest service swagger documentation"
  } ],
  "schemes" : [ "https" ],
  "paths" : {
    "/fda/invoke/event.json" : {
      "get" : {
        "tags" : [ "RestServiceVirtualController" ],
        "operationId" : "fda_RestServiceVirtualController-invoke",
        "consumes" : [ "application/json" ],
        "produces" : [ "application/json" ],
        "parameters" : [ {
          "name" : "search",
          "in" : "query",
          "description" : "search",
          "required" : false,
          "type" : "string",
          "format" : "string",
          "x-WM-EDITABLE" : false
        }, {
          "name" : "count",
          "in" : "query",
          "description" : "count",
          "required" : false,
          "type" : "string",
          "format" : "string",
          "x-WM-EDITABLE" : false
        } ],
        "responses" : {
          "200" : {
            "description" : "Success",
            "schema" : {
              "$ref" : "#/definitions/RootResponse"
            }
          }
        },
        "x-WM-METHOD_NAME" : "invoke",
        "x-WM-ACCESS_SPECIFIER" : "APP_ONLY"
      },
      "x-WM-BASE_PATH" : "/fda/invoke/event.json",
      "x-WM-TAG" : "RestServiceVirtualController",
      "x-WM-RELATIVE_PATH" : "",
      "x-WM-COMPLETE_PATH" : "${rest.fda.scheme}://${rest.fda.host}${rest.fda.basepath}/event.json"
    }
  },
  "definitions" : {
    "meta" : {
      "required" : [ "disclaimer", "last_updated", "license", "terms" ],
      "properties" : {
        "license" : {
          "type" : "string"
        },
        "last_updated" : {
          "type" : "string"
        },
        "terms" : {
          "type" : "string"
        },
        "disclaimer" : {
          "type" : "string"
        }
      },
      "x-WM-FULLY_QUALIFIED_NAME" : "fda.meta",
      "x-WM-TAGS" : [ "RestServiceVirtualController" ]
    },
    "resultsEntryItem" : {
      "required" : [ "count", "term" ],
      "properties" : {
        "count" : {
          "type" : "integer",
          "format" : "int32"
        },
        "term" : {
          "type" : "string"
        }
      },
      "x-WM-FULLY_QUALIFIED_NAME" : "fda.resultsEntryItem",
      "x-WM-TAGS" : [ "RestServiceVirtualController" ]
    },
    "RootResponse" : {
      "required" : [ "meta", "results" ],
      "properties" : {
        "meta" : {
          "$ref" : "#/definitions/meta"
        },
        "results" : {
          "type" : "array",
          "items" : {
            "$ref" : "#/definitions/resultsEntryItem"
          },
          "x-WM-IS_LIST" : true
        }
      },
      "x-WM-FULLY_QUALIFIED_NAME" : "fda.RootResponse",
      "x-WM-TAGS" : [ "RestServiceVirtualController" ]
    }
  }
}